-- only run this after you have initialised the database.
INSERT INTO Address (civic_number, city, province, postal_code) VALUES ('88', 'Montréal', 'QC', 'H5B');
INSERT INTO Address (civic_number, city, province, postal_code) VALUES ('831', 'Oka', 'QC', 'J0N');
INSERT INTO Address (civic_number, city, province, postal_code) VALUES ('00', 'New-Richmond', 'QC', 'J7R');
INSERT INTO Address (civic_number, city, province, postal_code) VALUES ('54', 'Montréal', 'QC', 'H5B');
INSERT INTO Address (civic_number, city, province, postal_code) VALUES ('71', 'Saint-Bruno-de-Guigues', 'QC', 'G6B');
INSERT INTO Address (civic_number, city, province, postal_code) VALUES ('573', 'Mercier', 'QC', 'J6R');
INSERT INTO Address (civic_number, city, province, postal_code) VALUES ('7856', 'Saint-Ambroise', 'QC', 'G7P');
INSERT INTO Address (civic_number, city, province, postal_code) VALUES ('84', 'Montréal', 'QC', 'G6W');
INSERT INTO Address (civic_number, city, province, postal_code) VALUES ('39', 'Sainte-Sophie', 'QC', 'J5J');
INSERT INTO Address (civic_number, city, province, postal_code) VALUES ('5227', 'Magog', 'QC', 'J1X');
INSERT INTO Address (civic_number, city, province, postal_code) VALUES ('224', 'Neuville', 'QC', 'T9M');
INSERT INTO Address (civic_number, city, province, postal_code) VALUES ('1089', 'Maniwaki', 'QC', 'J9E');
INSERT INTO Address (civic_number, city, province, postal_code) VALUES ('89286', 'Rivière-du-Loup', 'QC', 'G5R');
INSERT INTO Address (civic_number, city, province, postal_code) VALUES ('8', 'Fermont', 'QC', 'J1E');
INSERT INTO Address (civic_number, city, province, postal_code) VALUES ('07', 'Matagami', 'QC', 'N2M');
INSERT INTO Address (civic_number, city, province, postal_code) VALUES ('0958', 'Coaticook', 'QC', 'J1A');
INSERT INTO Address (civic_number, city, province, postal_code) VALUES ('857', 'East Angus', 'QC', 'N2B');
INSERT INTO Address (civic_number, city, province, postal_code) VALUES ('15', 'Napierville', 'QC', 'M2N');
INSERT INTO Address (civic_number, city, province, postal_code) VALUES ('6769', 'Thetford-Mines', 'QC', 'G6G');
INSERT INTO Address (civic_number, city, province, postal_code) VALUES ('751', 'Lévis', 'QC', 'G6W');
INSERT INTO Address (civic_number, city, province, postal_code) VALUES ('8743', 'Joliette', 'QC', 'J6E');
INSERT INTO Address (civic_number, city, province, postal_code) VALUES ('5751', 'Bécancour', 'QC', 'G9H');
INSERT INTO Address (civic_number, city, province, postal_code) VALUES ('76135', 'Jonquière', 'QC', 'G7Y');
INSERT INTO Address (civic_number, city, province, postal_code) VALUES ('3785', 'Notre-Dame-des-Prairies', 'QC', 'K6V');
INSERT INTO Address (civic_number, city, province, postal_code) VALUES ('31', 'Matagami', 'QC', 'N2M');
INSERT INTO Address (civic_number, city, province, postal_code) VALUES ('71', 'Maskinongé', 'QC', 'T7A');
INSERT INTO Address (civic_number, city, province, postal_code) VALUES ('8203', 'Amqui', 'QC', 'G5J');
INSERT INTO Address (civic_number, city, province, postal_code) VALUES ('31483', 'Alma', 'QC', 'N6J');
INSERT INTO Address (civic_number, city, province, postal_code) VALUES ('81365', 'Saint-Bruno', 'QC', 'J3V');
INSERT INTO Address (civic_number, city, province, postal_code) VALUES ('36583', 'Berthierville', 'QC', 'S3N');
INSERT INTO Address (civic_number, city, province, postal_code) VALUES ('23', 'Beaconsfield', 'QC', 'H9W');
INSERT INTO Address (civic_number, city, province, postal_code) VALUES ('54693', 'Sainte-Martine', 'QC', 'A1C');
INSERT INTO Address (civic_number, city, province, postal_code) VALUES ('2199', 'Blainville', 'QC', 'J7J');
INSERT INTO Address (civic_number, city, province, postal_code) VALUES ('4882', 'Sainte-Sophie', 'QC', 'J5J');
INSERT INTO Address (civic_number, city, province, postal_code) VALUES ('92', 'Port-Cartier', 'QC', 'G5B');
INSERT INTO Address (civic_number, city, province, postal_code) VALUES ('74', 'Hudson', 'QC', 'J0N');
INSERT INTO Address (civic_number, city, province, postal_code) VALUES ('4', 'Mercier', 'QC', 'J6R');
INSERT INTO Address (civic_number, city, province, postal_code) VALUES ('12', 'Danville', 'QC', 'J0A');
INSERT INTO Address (civic_number, city, province, postal_code) VALUES ('02733', 'Asbestos', 'QC', 'J1T');
INSERT INTO Address (civic_number, city, province, postal_code) VALUES ('1', 'Kingsey Falls', 'QC', 'T8H');
INSERT INTO Address (civic_number, city, province, postal_code) VALUES ('10918', 'Amos', 'QC', 'J9T');
INSERT INTO Address (civic_number, city, province, postal_code) VALUES ('4', 'Repentigny', 'QC', 'J6V');
INSERT INTO Address (civic_number, city, province, postal_code) VALUES ('502', 'Cowansville', 'QC', 'J2K');
INSERT INTO Address (civic_number, city, province, postal_code) VALUES ('2', 'Jonquière', 'QC', 'G7Y');
INSERT INTO Address (civic_number, city, province, postal_code) VALUES ('50864', 'Baie-Saint-Paul', 'QC', 'G3Z');
INSERT INTO Address (civic_number, city, province, postal_code) VALUES ('9331', 'Rimouski', 'QC', 'G5N');
INSERT INTO Address (civic_number, city, province, postal_code) VALUES ('0643', 'Thetford-Mines', 'QC', 'G6G');
INSERT INTO Address (civic_number, city, province, postal_code) VALUES ('13352', 'Malartic', 'QC', 'X0G');
INSERT INTO Address (civic_number, city, province, postal_code) VALUES ('0589', 'Saint-Jérôme', 'QC', 'J7Z');
INSERT INTO Address (civic_number, city, province, postal_code) VALUES ('6', 'Saint-Joseph-de-Coleraine', 'QC', 'N2E');

INSERT INTO Campus (name) VALUES ('Sir George Williams');
INSERT INTO Campus (name) VALUES ('Loyola');

INSERT INTO Building (campus_name, name, numOfFloors) VALUES ('Sir George Williams', 'Hall', 15);
INSERT INTO Building (campus_name, name, numOfFloors) VALUES ('Sir George Williams', 'Molson', 15);

INSERT INTO Room (campus_name, building_name, num, capacity, room_type, floorNum) VALUES
('Sir George Williams', 'Hall', 535, 150, 'classroom', 5),
('Sir George Williams', 'Hall', 635, 150, 'classroom', 6),
('Sir George Williams', 'Hall', 735, 150, 'classroom', 7),
('Sir George Williams', 'Hall', 835, 150, 'classroom', 8),
('Sir George Williams', 'Hall', 935, 150, 'classroom', 9),
('Sir George Williams', 'Molson', 135, 150, 'classroom', 1),
('Sir George Williams', 'Molson', 235, 150, 'classroom', 2),
('Sir George Williams', 'Molson', 335, 150, 'classroom', 3),
('Sir George Williams', 'Molson', 435, 150, 'classroom', 4),
('Sir George Williams', 'Molson', 535, 150, 'classroom', 5);

-- Room variables
SET @H535 := (SELECT id FROM Room WHERE building_name = 'Hall' AND num = 535);
SET @H635 := (SELECT id FROM Room WHERE building_name = 'Hall' AND num = 635);
SET @H735 := (SELECT id FROM Room WHERE building_name = 'Hall' AND num = 735);
SET @H835 := (SELECT id FROM Room WHERE building_name = 'Hall' AND num = 835);
SET @H935 := (SELECT id FROM Room WHERE building_name = 'Hall' AND num = 935);
SET @MB135 := (SELECT id FROM Room WHERE building_name = 'Molson' AND num = 135);
SET @MB235 := (SELECT id FROM Room WHERE building_name = 'Molson' AND num = 235);
SET @MB335 := (SELECT id FROM Room WHERE building_name = 'Molson' AND num = 335);
SET @MB435 := (SELECT id FROM Room WHERE building_name = 'Molson' AND num = 435);
SET @MB535 := (SELECT id FROM Room WHERE building_name = 'Molson' AND num = 535);

INSERT INTO Facilities (room_id, facility) VALUES
(@H535, 'Projector'),
(@H635, 'Projector'),
(@H735, 'Projector'),
(@H835, 'Projector'),
(@H935, 'Projector'),
(@MB135, 'Projector'),
(@MB235, 'Projector'),
(@MB335, 'Projector'),
(@MB435, 'Projector'),
(@MB535, 'Projector');

INSERT INTO Person (first_name, last_name, SSN, email_addr, phone_number, home_address_id) VALUES 
('Brendan', 'Littler', '680-53-1677', 'blittler0@jalbum.net', '843-685-7241', (SELECT id FROM Address ORDER BY RAND() LIMIT 1)),
('Leto', 'Anselm', '244-31-5513', 'ranselm1@bizjournals.com', '451-593-4535', (SELECT id FROM Address ORDER BY RAND() LIMIT 1)),
('Duncan', 'Winterbourne', '111-94-4892', 'mwinterbourne2@cloudflare.com', '793-484-7875', (SELECT id FROM Address ORDER BY RAND() LIMIT 1)),
('Vladimir', 'Lennie', '879-69-8234', 'clennie3@yolasite.com', '751-551-8546', (SELECT id FROM Address ORDER BY RAND() LIMIT 1)),
('Piter', 'Noor', '540-09-0346', 'dnoor4@qq.com', '440-374-8502', (SELECT id FROM Address ORDER BY RAND() LIMIT 1)),
('John', 'Corssen', '234-74-3741', 'hcorssen5@ted.com', '653-946-3600', (SELECT id FROM Address ORDER BY RAND() LIMIT 1)),
('Russell', 'Gambrell', '774-81-4118', 'ggambrell6@vistaprint.com', '899-822-5412', (SELECT id FROM Address ORDER BY RAND() LIMIT 1)),
('Guillermo', 'Fripps', '467-18-0793', 'cfripps7@buzzfeed.com', '697-636-8503', (SELECT id FROM Address ORDER BY RAND() LIMIT 1)),
('Alex', 'Gallen', '322-33-9780', 'jgallen8@nsw.gov.au', '873-739-8977', (SELECT id FROM Address ORDER BY RAND() LIMIT 1)),
('Gary', 'Snedden', '160-78-0182', 'ksnedden9@samsung.com', '203-780-1973', (SELECT id FROM Address ORDER BY RAND() LIMIT 1)),
('Olivia', 'McAvinchey', '872-29-5693', 'emcavincheya@de.vu', '786-658-6421', (SELECT id FROM Address ORDER BY RAND() LIMIT 1)),
('Odafin', 'Speers', '822-51-7742', 'lspeersb@zimbio.com', '866-141-8088', (SELECT id FROM Address ORDER BY RAND() LIMIT 1)),
('Amanda', 'Crotch', '197-96-1919', 'ncrotchc@istockphoto.com', '355-543-5435', (SELECT id FROM Address ORDER BY RAND() LIMIT 1)),
('Dominick', 'Fenner', '363-03-8959', 'efennerd@house.gov', '889-407-4313', (SELECT id FROM Address ORDER BY RAND() LIMIT 1)),
('Elliot', 'Tumulty', '430-96-0938', 'htumultye@sakura.ne.jp', '791-941-1369', (SELECT id FROM Address ORDER BY RAND() LIMIT 1)),
('Don', 'Palomba', '419-55-6084', 'lpalombaf@zimbio.com', '305-405-6975', (SELECT id FROM Address ORDER BY RAND() LIMIT 1)),
('Maximina', 'McKennan', '638-89-2387', 'dmckennang@feedburner.com', '225-849-8523', (SELECT id FROM Address ORDER BY RAND() LIMIT 1)),
('Laurel', 'Degenhardt', '558-26-4939', 'kdegenhardth@theatlantic.com', '343-620-5625', (SELECT id FROM Address ORDER BY RAND() LIMIT 1)),
('Nada', 'Orteau', '388-48-1508', 'morteaui@ca.gov', '604-603-6097', (SELECT id FROM Address ORDER BY RAND() LIMIT 1)),
('Eliseo', 'Moakes', '418-12-0787', 'hmoakesj@hhs.gov', '373-181-3007', (SELECT id FROM Address ORDER BY RAND() LIMIT 1)),
('Mario', 'Cheavin', '492-37-3359', 'fcheavink@ed.gov', '104-107-2475', (SELECT id FROM Address ORDER BY RAND() LIMIT 1)),
('Petey', 'Matovic', '681-69-6173', 'kmatovicl@deliciousdays.com', '419-160-9670', (SELECT id FROM Address ORDER BY RAND() LIMIT 1)),
('Anna', 'Peckitt', '667-74-6610', 'kpeckittm@joomla.org', '933-176-3287', (SELECT id FROM Address ORDER BY RAND() LIMIT 1)),
('Vinny', 'Pressland', '425-18-8618', 'kpresslandn@imgur.com', '842-999-2856', (SELECT id FROM Address ORDER BY RAND() LIMIT 1)),
('Joyce', 'Earles', '711-62-6657', 'gearleso@plala.or.jp', '645-205-3582', (SELECT id FROM Address ORDER BY RAND() LIMIT 1)),
('Cliff', 'Landy', '488-43-4797', 'nlandyp@studiopress.com', '252-885-1105', (SELECT id FROM Address ORDER BY RAND() LIMIT 1)),
('Earl', 'Roubeix', '860-95-7612', 'mroubeixq@who.int', '434-585-1593', (SELECT id FROM Address ORDER BY RAND() LIMIT 1)),
('Cooke', 'Hun', '363-45-6841', 'ihunr@webeden.co.uk', '705-743-3344', (SELECT id FROM Address ORDER BY RAND() LIMIT 1)),
('Jen', 'Eyeington', '452-79-3446', 'jeyeingtons@shop-pro.jp', '298-327-5381', (SELECT id FROM Address ORDER BY RAND() LIMIT 1)),
('Reanne', 'Wildbore', '370-91-4173', 'cwildboret@taobao.com', '161-407-6136', (SELECT id FROM Address ORDER BY RAND() LIMIT 1)),
('Paul', 'Ehrat', '856-62-4964', 'aehratu@amazon.co.jp', '543-366-8792', (SELECT id FROM Address ORDER BY RAND() LIMIT 1)),
('Chris', 'Lidgett', '631-04-2806', 'mlidgettv@nhs.uk', '481-797-6138', (SELECT id FROM Address ORDER BY RAND() LIMIT 1)),
('Gio', 'Vasilyev', '350-02-3431', 'avasilyevw@sfgate.com', '453-304-6037', (SELECT id FROM Address ORDER BY RAND() LIMIT 1)),
('Caire', 'Waterhowse', '861-34-8489', 'mwaterhowsex@tripadvisor.com', '545-835-7650', (SELECT id FROM Address ORDER BY RAND() LIMIT 1)),
('Marsha', 'Gaitung', '345-14-4466', 'hgaitungy@sciencedaily.com', '806-506-7832', (SELECT id FROM Address ORDER BY RAND() LIMIT 1)),
('Manny', 'Dundon', '184-95-6192', 'rdundonz@nasa.gov', '186-152-5184', (SELECT id FROM Address ORDER BY RAND() LIMIT 1)),
('Val', 'Hyatt', '311-28-5276', 'lhyatt10@imageshack.us', '478-260-8395', (SELECT id FROM Address ORDER BY RAND() LIMIT 1)),
('Lucy', 'Luby', '166-13-8699', 'bluby11@narod.ru', '954-593-0111', (SELECT id FROM Address ORDER BY RAND() LIMIT 1)),
('Field', 'Trethewey', '204-84-8997', 'ftrethewey12@moonfruit.com', '617-398-2808', (SELECT id FROM Address ORDER BY RAND() LIMIT 1)),
('Brien', 'Scottini', '206-16-4969', 'bscottini13@addthis.com', '620-498-0262', (SELECT id FROM Address ORDER BY RAND() LIMIT 1)),
('Raina', 'Aronowicz', '410-47-6801', 'raronowicz14@indiegogo.com', '374-580-5422', (SELECT id FROM Address ORDER BY RAND() LIMIT 1)),
('Marion', 'Emnoney', '796-55-5808', 'memnoney15@forbes.com', '570-797-0242', (SELECT id FROM Address ORDER BY RAND() LIMIT 1)),
('Claude', 'Loyd', '450-90-2065', 'cloyd16@etsy.com', '695-972-1726', (SELECT id FROM Address ORDER BY RAND() LIMIT 1)),
('Raimondo', 'Oboy', '379-12-4504', 'roboy17@google.it', '524-588-2889', (SELECT id FROM Address ORDER BY RAND() LIMIT 1)),
('Lorenza', 'Pollock', '275-57-6135', 'lpollock18@foxnews.com', '261-685-6614', (SELECT id FROM Address ORDER BY RAND() LIMIT 1)),
('Nikolos', 'Fairhurst', '732-67-4895', 'nfairhurst19@mapquest.com', '569-506-4430', (SELECT id FROM Address ORDER BY RAND() LIMIT 1)),
('Annabela', 'Lympenie', '728-59-3088', 'alympenie1a@yahoo.com', '850-198-3728', (SELECT id FROM Address ORDER BY RAND() LIMIT 1)),
('Harrietta', 'Polino', '696-96-1869', 'hpolino1b@upenn.edu', '346-317-2729', (SELECT id FROM Address ORDER BY RAND() LIMIT 1)),
('Andrea', 'Slimings', '718-88-7433', 'aslimings1c@cdbaby.com', '678-762-0135', (SELECT id FROM Address ORDER BY RAND() LIMIT 1)),
('Lolita', 'Grassin', '813-67-2785', 'lgrassin1d@arstechnica.com', '747-691-2662', (SELECT id FROM Address ORDER BY RAND() LIMIT 1));

-- Instructor / chairman variables
SET @brendan := (SELECT id FROM Person WHERE first_name = 'Brendan');
SET @leto := (SELECT id FROM Person WHERE first_name = 'Leto');
SET @duncan := (SELECT id FROM Person WHERE first_name = 'Duncan');
SET @vladimir := (SELECT id FROM Person WHERE first_name = 'Vladimir');
SET @piter := (SELECT id FROM Person WHERE first_name = 'Piter');
SET @john := (SELECT id FROM Person WHERE first_name = 'John');
SET @russell := (SELECT id FROM Person WHERE first_name = 'Russell');
SET @guillermo := (SELECT id FROM Person WHERE first_name = 'Guillermo');
SET @alex := (SELECT id FROM Person WHERE first_name = 'Alex');
SET @gary := (SELECT id FROM Person WHERE first_name = 'Gary');

-- Student variables
SET @olivia := (SELECT id FROM Person WHERE first_name = 'Olivia');
SET @odafin := (SELECT id FROM Person WHERE first_name = 'Odafin');
SET @amanda := (SELECT id FROM Person WHERE first_name = 'Amanda');
SET @dominick := (SELECT id FROM Person WHERE first_name = 'Dominick');
SET @elliot := (SELECT id FROM Person WHERE first_name = 'Elliot');
SET @don := (SELECT id FROM Person WHERE first_name = 'Don');
SET @maximina := (SELECT id FROM Person WHERE first_name = 'Maximina');
SET @laurel := (SELECT id FROM Person WHERE first_name = 'Laurel');
SET @nada := (SELECT id FROM Person WHERE first_name = 'Nada');
SET @eliseo := (SELECT id FROM Person WHERE first_name = 'Eliseo');
SET @mario := (SELECT id FROM Person WHERE first_name = 'Mario');
SET @petey := (SELECT id FROM Person WHERE first_name = 'Petey');
SET @anna := (SELECT id FROM Person WHERE first_name = 'Anna');
SET @vinny := (SELECT id FROM Person WHERE first_name = 'Vinny');
SET @joyce := (SELECT id FROM Person WHERE first_name = 'Joyce');
SET @cliff := (SELECT id FROM Person WHERE first_name = 'Cliff');
SET @earl := (SELECT id FROM Person WHERE first_name = 'Earl');
SET @cooke := (SELECT id FROM Person WHERE first_name = 'Cooke');
SET @jen := (SELECT id FROM Person WHERE first_name = 'Jen');
SET @reanne := (SELECT id FROM Person WHERE first_name = 'Reanne');
SET @paul := (SELECT id FROM Person WHERE first_name = 'Paul');
SET @chris := (SELECT id FROM Person WHERE first_name = 'Chris');
SET @gio := (SELECT id FROM Person WHERE first_name = 'Gio');
SET @caire := (SELECT id FROM Person WHERE first_name = 'Caire');
SET @marsha := (SELECT id FROM Person WHERE first_name = 'Marsha');
SET @lucy := (SELECT id FROM Person WHERE first_name = 'Lucy');

INSERT INTO Department(name, chairman_id)
VALUES ('Mathematics', @brendan),
       ('Computer Science and Engineering', @leto),
       ('Biology', @duncan),
       ('Physics', @vladimir),
       ('Chemistry', @piter),
       ('Humanities', @john),
       ('Business', @russell),
       ('Social Sciences', @guillermo),
       ('History', @alex),
       ('Education', @gary);

-- Department variables
SET @mathematics := (SELECT id FROM Department WHERE name = 'Mathematics');
SET @computer_science := (SELECT id FROM Department WHERE name = 'Computer Science and Engineering');
SET @biology := (SELECT id FROM Department WHERE name = 'Biology');
SET @physics := (SELECT id FROM Department WHERE name = 'Physics');
SET @chemistry := (SELECT id FROM Department WHERE name = 'Chemistry');
SET @humanities := (SELECT id FROM Department WHERE name = 'Humanities');
SET @business := (SELECT id FROM Department WHERE name = 'Business');
SET @social_sciences := (SELECT id FROM Department WHERE name = 'Social Sciences');
SET @history := (SELECT id FROM Department WHERE name = 'History');
SET @education := (SELECT id FROM Department WHERE name = 'Education');

INSERT INTO Term(season, year)
VALUES  ('Winter', 2017),
        ('Fall', 2017),
        ('Summer', 2017),
        ('Winter', 2018),
        ('Fall', 2018),
        ('Summer', 2018),
        ('Winter', 2019),
        ('Fall', 2019),
        ('Summer', 2019),
        ('Winter', 2020),
        ('Summer', 2020),
        ('Fall', 2020);

-- Term variables
SET @summer2019 := (SELECT id FROM Term WHERE season = 'Summer' AND year = 2019);
SET @fall2018 := (SELECT id FROM Term WHERE season = 'Fall' AND year = 2018);
SET @winter2019 := (SELECT id FROM Term WHERE season = 'Fall' AND year = 2019);
SET @fall2019 := (SELECT id FROM Term WHERE season = 'Fall' AND year = 2019);
SET @winter2017 := (SELECT id FROM Term WHERE season = 'Winter' AND year = 2017);
SET @fall2017 := (SELECT id FROM Term WHERE season = 'Fall' AND year = 2017);

INSERT INTO Program(name, degree, credit_req, is_thesis_based, department_id)
VALUES ('Actuarial Mathematics', 'undergraduate', 0, 0, @mathematics),
       ('Computer Science', 'undergraduate', 0, 0, @computer_science),
       ('Software Engineering', 'undergraduate', 0, 0, @computer_science),
       ('Behavioural Neuroscience', 'undergraduate', 0, 0, @biology),
       ('Biophysics', 'undergraduate', 0, 0, @physics),
       ('Biochemistry', 'undergraduate', 0, 0, @chemistry),
       ('Human Relations', 'graduate', 0, 1, @humanities),
       ('Accountancy', 'graduate', 0, 1, @business),
       ('Sociology', 'graduate', 0, 1, @social_sciences),
       ('Art History', 'graduate', 0, 1, @history),
       ('Childhood Education', 'graduate', 0, 1, @education);

-- Program variables
SET @actuarial_mathematics := (SELECT id FROM Program WHERE name = 'Actuarial Mathematics');
SET @computer_science_program := (SELECT id FROM Program WHERE name = 'Computer Science');
SET @software_engineering := (SELECT id FROM Program WHERE name = 'Software Engineering');
SET @behavioural_neuroscience := (SELECT id FROM Program WHERE name = 'Behavioural Neuroscience');
SET @biophysics := (SELECT id FROM Program WHERE name = 'Biophysics');
SET @biochemistry := (SELECT id FROM Program WHERE name = 'Biochemistry');
SET @human_relations := (SELECT id FROM Program WHERE name = 'Human Relations');
SET @accountancy := (SELECT id FROM Program WHERE name = 'Accountancy');
SET @sociology := (SELECT id FROM Program WHERE name = 'Sociology');
SET @art_history := (SELECT id FROM Program WHERE name = 'Art History');
SET @childhood_education := (SELECT id FROM Program WHERE name = 'Childhood Education');

INSERT INTO Course(name, code, number, department_id)
VALUES ('Number Theory', 'MATH', 200, @mathematics),
       ('Combinatorics', 'COMP', 339, @computer_science),
       ('Data Structures and Algorithms', 'COMP', 352, @computer_science),
       ('Databases', 'COMP', 353, @computer_science),
       ('Fundamental Nutrition', 'BIOL', 203, @biology),
       ('Electromagnetism', 'PHYS', 200, @physics),
       ('Relativity', 'PHYS', 300, @physics),
       ('Thermodynamics', 'CHEM', 201, @chemistry),
       ('Methodology', 'HUMA', 888, @humanities),
       ('Financial Reporting III', 'ACCO', 420, @business),
       ('Debates & Challenges in Contemporary Quebec Society', 'SOCI', 280, @social_sciences),
       ('Modern Europe', 'HIST', 202, @history),
       ('Educational Communication', 'EDUC', 270, @education),
       ('Object Oriented Programming I', 'COMP', 248, @computer_science),
       ('Object Oriented Programming I', 'COMP', 249, @computer_science),
       ('Principles of Programming Languages', 'COMP', 348, @computer_science);

-- Course variables
SET @comp353 := (SELECT id FROM Course WHERE code = 'COMP' AND number = 353);
SET @comp352 := (SELECT id FROM Course WHERE code = 'COMP' AND number = 352);
SET @comp339 := (SELECT id FROM Course WHERE code = 'COMP' AND number = 339);
SET @chem201 := (SELECT id FROM Course WHERE code = 'CHEM' AND number = 201);
SET @comp248 := (SELECT id FROM Course WHERE code = 'COMP' AND number = 248);
SET @comp249 := (SELECT id FROM Course WHERE code = 'COMP' AND number = 249);
SET @comp348 := (SELECT id FROM Course WHERE code = 'COMP' AND number = 348);

INSERT INTO Student(person_id, gpa, degree)
VALUES (@olivia, 3.0, 'graduate'),
       (@odafin, 2.2, 'undergraduate'),
       (@amanda, 3.2, 'graduate'),
       (@dominick, 2.8, 'undergraduate'),
       (@elliot, 3.0, 'undergraduate'),
       (@don, 4.3, 'graduate'),
       (@maximina, 2.0, 'undergraduate'),
       (@laurel, 3.3, 'undergraduate'),
       (@nada, 3.6, 'graduate'),
       (@eliseo, 3.3, 'graduate'),
       (@mario, 3.3, 'graduate'),
       (@petey, 3.3, 'graduate'),
       (@anna, 3.3, 'graduate'),
       (@vinny, 3.3, 'graduate'),
       (@joyce, 3.3, 'graduate'),
       (@cliff, 3.3, 'graduate'),
       (@earl, 3.3, 'graduate'),
       (@cooke, 3.3, 'graduate'),
       (@jen, 3.3, 'graduate'),
       (@reanne, 3.3, 'graduate'),
       (@paul, 3.3, 'graduate'),
       (@chris, 3.3, 'graduate'),
       (@gio, 3.3, 'graduate'),
       (@caire, 3.3, 'graduate'),
       (@marsha, 3.3, 'graduate');

INSERT INTO Instructor(person_id, department_id) VALUES
(@brendan, @computer_science),
(@leto, @computer_science),
(@duncan, @computer_science),
(@vladimir, @computer_science),
(@piter, @computer_science),
(@john, @computer_science),
(@russell, @computer_science),
(@guillermo, @computer_science),
(@alex, @computer_science),
(@gary, @computer_science);

INSERT INTO StudentPastDegrees (person_id, institution, school_type, date_received, degree_name, average) VALUES
(@olivia, 'Vanier', 'CEGEP', '2018-12-17', 'DEC', 3.0),
(@odafin, 'Vanier', 'CEGEP', '2018-12-17', 'DEC', 2.2),
(@amanda, 'Vanier', 'CEGEP', '2018-12-17', 'DEC', 3.2),
(@dominick, 'Vanier', 'CEGEP', '2018-12-17', 'DEC', 2.8),
(@elliot, 'Vanier', 'CEGEP', '2018-12-17', 'DEC', 3.0),
(@don, 'Vanier', 'CEGEP', '2018-12-17', 'DEC', 4.3),
(@maximina, 'Vanier', 'CEGEP', '2018-12-17', 'DEC', 2.0),
(@laurel, 'Vanier', 'CEGEP', '2018-12-17', 'DEC', 3.3),
(@nada, 'Vanier', 'CEGEP', '2018-12-17', 'DEC', 3.6),
(@eliseo, 'Vanier', 'CEGEP', '2018-12-17', 'DEC', 3.3), 
(@mario, 'Vanier', 'CEGEP', '2018-12-17', 'DEC', 3.3),
(@petey, 'Vanier', 'CEGEP', '2018-12-17', 'DEC', 3.3),
(@anna, 'Vanier', 'CEGEP', '2018-12-17', 'DEC', 3.3),
(@vinny, 'Vanier', 'CEGEP', '2018-12-17', 'DEC', 3.3),
(@joyce, 'Vanier', 'CEGEP', '2018-12-17', 'DEC', 3.3),
(@cliff, 'Vanier', 'CEGEP', '2018-12-17', 'DEC', 3.3),
(@earl, 'Vanier', 'CEGEP', '2018-12-17', 'DEC', 3.3),
(@cooke, 'Vanier', 'CEGEP', '2018-12-17', 'DEC', 3.3),
(@jen, 'Vanier', 'CEGEP', '2018-12-17', 'DEC', 3.3),
(@reanne, 'Vanier', 'CEGEP', '2018-12-17', 'DEC', 3.3), 
(@paul, 'Vanier', 'CEGEP', '2018-12-17', 'DEC', 3.3),
(@chris, 'Vanier', 'CEGEP', '2018-12-17', 'DEC', 3.3),
(@gio, 'Vanier', 'CEGEP', '2018-12-17', 'DEC', 3.3),
(@caire, 'Vanier', 'CEGEP', '2018-12-17', 'DEC', 3.3),
(@marsha, 'Vanier', 'CEGEP', '2018-12-17', 'DEC', 3.3); 

INSERT INTO IndustryExperience (person_id, company_name, position_name, date_started, date_ended) VALUES
(@brendan, 'McGill', 'Professor', '2015-12-17', '2018-12-17'),
(@leto, 'McGill', 'Professor', '2015-12-17', '2018-12-17'),
(@duncan, 'McGill', 'Professor', '2015-12-17', '2018-12-17'),
(@vladimir, 'McGill', 'Professor', '2015-12-17', '2018-12-17'),
(@piter, 'McGill', 'Professor', '2015-12-17', '2018-12-17'),
(@john, 'McGill', 'Professor', '2015-12-17', '2018-12-17'),
(@russell, 'McGill', 'Professor', '2015-12-17', '2018-12-17'),
(@guillermo, 'McGill', 'Professor', '2015-12-17', '2018-12-17'),
(@alex, 'McGill', 'Professor', '2015-12-17', '2018-12-17'),
(@gary, 'McGill', 'Professor', '2015-12-17', '2018-12-17');

INSERT INTO Salary (person_id, salary, date_started, date_ended) VALUES
(@brendan, 150000, '2015-12-17', '2018-12-17'),
(@leto, 150000, '2015-12-17', '2018-12-17'),
(@duncan, 150000, '2015-12-17', '2018-12-17'),
(@vladimir, 150000, '2015-12-17', '2018-12-17'),
(@piter, 150000, '2015-12-17', '2018-12-17'),
(@john, 150000, '2015-12-17', '2018-12-17'),
(@russell, 150000, '2015-12-17', '2018-12-17'),
(@guillermo, 150000, '2015-12-17', '2018-12-17'),
(@alex, 150000, '2015-12-17', '2018-12-17'),
(@gary, 150000, '2015-12-17', '2018-12-17');

INSERT INTO Publications  (person_id, title, journal_name, date) VALUES
(@brendan, 'Girl With Silver', 'Harvard Business Review', '2018-01-01'),
(@leto, 'Thief Of The River', 'Harvard Business Review', '2018-01-01'),
(@duncan, 'Blacksmiths Of The North', 'Harvard Business Review', '2018-01-01'),
(@vladimir, 'Humans Of Nightmares', 'Harvard Business Review', '2018-01-01'),
(@piter, 'Heirs and Trees', 'Harvard Business Review', '2018-01-01'),
(@john, 'Foe and Mice', 'Harvard Business Review', '2018-01-01'),
(@russell, 'Rise With Honor', 'Harvard Business Review', '2018-01-01'),
(@guillermo, 'Bow Of Eternity', 'Harvard Business Review', '2018-01-01'),
(@alex, 'Right About The South', 'Harvard Business Review', '2018-01-01'),
(@gary, 'Signs At The Apocolypse', 'Harvard Business Review', '2018-01-01');

INSERT INTO Awards (person_id, name, date) VALUES
(@brendan, 'Girl With Silver', '2018-01-01'),
(@leto, 'Thief Of The River', '2018-01-01'),
(@duncan, 'Blacksmiths Of The North', '2018-01-01'),
(@vladimir, 'Humans Of Nightmares', '2018-01-01'),
(@piter, 'Heirs and Trees', '2018-01-01');

INSERT INTO Section(course_id, term_id, person_id, classroom_id, capacity, start_time, end_time)
VALUES (@comp353, @summer2019, @brendan, @H535, 30, '08:00:00', '10:00:00'),
       (@comp353, @summer2019, @alex, @H635, 30, '11:00:00', '13:00:00'),
       (@comp353, @summer2019, @guillermo, @H735, 30, '14:00:00', '16:00:00'),
       (@comp352, @fall2018, @alex, @H535, 30, '08:00:00', '10:00:00'),
       (@comp352, @fall2018, @alex, @H635, 30, '11:00:00', '13:00:00'),
       (@comp352, @fall2018, @alex, @H735, 30, '14:00:00', '16:00:00'),
       (@comp339, @summer2019, @vladimir, @H535, 30, '08:00:00', '10:00:00'),
       (@comp339, @summer2019, @piter, @H635, 30, '11:00:00', '13:00:00'),
       (@comp339, @summer2019, @john, @H735, 30, '14:00:00', '16:00:00'),
       (@chem201, @summer2019, @gary, @H835, 30, '08:00:00', '10:00:00'),
       (@comp352, @winter2017, @leto, @H535, 30, '08:00:00', '10:00:00'),
       (@comp352, @winter2017, @leto, @H635, 30, '11:00:00', '13:00:00'),
       (@comp352, @winter2017, @guillermo, @H735, 30, '14:00:00', '16:00:00'),
       (@comp352, @fall2017, @duncan, @H535, 30, '08:00:00', '10:00:00'),
       (@comp352, @fall2017, @russell, @H635, 30, '11:00:00', '13:00:00');

SET @section_id := (SELECT id FROM Section WHERE course_id = @comp353 AND term_id = @summer2019 AND person_id = @brendan);

INSERT INTO Class(person_id, section_id, grade)
VALUES (@odafin, @section_id, 4.3),
       (@nada, @section_id, 4.3),
       (@eliseo, @section_id, 4.3),
       (@don, @section_id, 4.0),
       (@dominick, @section_id, 4.0),
       (@amanda, @section_id, 3.7),
       (@mario, @section_id, 3.0),
       (@petey, @section_id, 2.7),
       (@Lucy, @section_id, 4.3),
       (@anna, @section_id, 3.3),
       (@paul, @section_id, 3.0);

-- INSERT INTO StudentProgram(person_id, program_id)
-- VALUES (@nada, @computer_science_program),
--        (@eliseo, @computer_science_program),
--        (@don, @computer_science_program),
--        (@dominick, @computer_science_program),
--        (@amanda, @computer_science_program),
--        (@olivia, @human_relations),
--        (@odafin, @accountancy),
--        (@elliot, @sociology),
--        (@maximina, @art_history),
--        (@laurel, @childhood_education),
--        (@mario, @computer_science_program),
--        (@petey, @computer_science_program),
--        (@anna, @computer_science_program),
--        (@paul, @computer_science_program),
--        (@odafin, @computer_science_program),
--        (@anna, @human_relations),
--        (@odafin, @software_engineering),
--        (@anna, @software_engineering);

-- renamed TeachingAssistant to Contracts to meet requirements
-- CREATE TABLE Contract (
--     name char(100) NOT NULL, -- eg "marker", "instructor", "ta"
--     course_name char(100) NOT NULL REFERENCES Course(id),
--     person_id INT NOT NULL REFERENCES Person(id),
--     section_id INT NOT NULL,
--     num_hours INT NOT NULL,
--     total_salary INT NOT NULL,
--     PRIMARY KEY (person_id, section_id)
-- );

-- -- TODO: needs trigger to verify student is TA for that section
-- CREATE TABLE TA_Assignments (
--     person_id INT NOT NULL REFERENCES Person(id),
--     section_id INT NOT NULL REFERENCES Section(id),
--     name CHAR(100) -- TODO: need additional content other than assignment name
-- );

-- INSERT INTO TeachingAssistant(student_id, section_id, num_hours)
-- VALUES (@don, 1, 50),
--        (@don, 2, 50),
--        (@don, 3, 50),
--        (@nada, 4, 50),
--        (@nada, 5, 50),
--        (@nada, 6, 50),
--        (@eliseo, 7, 50),
--        (@eliseo, 8, 50),
--        (@eliseo, 9, 50),
--        (@amanda, 10, 50);



INSERT INTO ResearchFunding(student_id)
VALUES (@olivia),
       (@odafin),
       (@elliot),
       (@maximina),
       (@laurel),
       (@Caire),
       (@Marsha),
       (@Manny),
       (@Val),
       (@Lucy);

INSERT INTO Prerequisite(course_id, prerequisite_course_id)
VALUES (@comp353, @comp352),
       (@comp353, @comp339),
       (@comp353, @comp248),
       (@comp353, @comp249),
       (@comp353, @comp348),
       (@comp249, @comp248),
       (@comp348, @comp248),
       (@comp348, @comp249),
       (@comp352, @comp248),
       (@comp352, @comp249);

INSERT INTO StudentDepartment(student_id, department_id)
VALUES (@olivia, @humanities),
       (@odafin, @business),
       (@amanda, @computer_science),
       (@dominick, @computer_science),
       (@elliot, @social_sciences),
       (@don, @computer_science),
       (@maximina, @history),
       (@laurel, @education),
       (@nada, @computer_science),
       (@eliseo, @computer_science),
       (@mario, @computer_science),
       (@petey, @computer_science),
       (@anna, @computer_science),
       (@paul, @computer_science);

INSERT INTO InstructorDepartment(instructor_id, department_id)
VALUES (@brendan, @computer_science),
       (@leto, @computer_science),
       (@duncan, @computer_science),
       (@vladimir, @computer_science),
       (@piter, @computer_science),
       (@john, @computer_science),
       (@russell, @computer_science),
       (@guillermo, @computer_science),
       (@alex, @computer_science),
       (@gary, @computer_science);

INSERT INTO Advisor (first_name, last_name)
VALUES ('Vatika', 'Prasad'),
       ('Kareena', 'Kapoor'),
       ('Aamir', 'Khan'),
       ('Tom', 'Cruise'),
       ('Katrina', 'Kaif'),
       ('Mama', 'Bear'),
       ('Buggie', 'Singh'),
       ('Priyanka', 'Chopra'),
       ('Mickey', 'Mouse'),
       ('Mini', 'Xyz');

SET @advisor := (SELECT id FROM Advisor WHERE first_name = 'Vatika');

INSERT INTO StudentAdvisor(student_program_id, advisor_id, term_id)
VALUES ((SELECT id FROM StudentProgram WHERE student_id = @nada AND program_id = @computer_science_program), @advisor, @summer2019),
       ((SELECT id FROM StudentProgram WHERE student_id = @eliseo AND program_id = @computer_science_program), @advisor, @summer2019),
       ((SELECT id FROM StudentProgram WHERE student_id = @dominick AND program_id = @computer_science_program), @advisor, @summer2019),
       ((SELECT id FROM StudentProgram WHERE student_id = @amanda AND program_id = @computer_science_program), @advisor, @summer2019),
       ((SELECT id FROM StudentProgram WHERE student_id = @olivia AND program_id = @human_relations), @advisor, @summer2019),
       ((SELECT id FROM StudentProgram WHERE student_id = @odafin AND program_id = @computer_science_program), @advisor, @summer2019),
       ((SELECT id FROM StudentProgram WHERE student_id = @elliot AND program_id = @sociology), @advisor, @summer2019),
       ((SELECT id FROM StudentProgram WHERE student_id = @maximina AND program_id = @art_history), @advisor, @summer2019),
       ((SELECT id FROM StudentProgram WHERE student_id = @laurel AND program_id = @childhood_education), @advisor, @summer2019),
       ((SELECT id FROM StudentProgram WHERE student_id = @don AND program_id = @computer_science_program), @advisor, @summer2019),
       ((SELECT id FROM StudentProgram WHERE student_id = @anna AND program_id = @software_engineering), @advisor, @summer2019);

INSERT INTO Supervisor(first_name, last_name, department_id, has_research_funding)
VALUES ('Marge', 'Arin', @computer_science, 1),
       ('Hugh', 'Briss', @computer_science, 1),
       ('Gene', 'Poole', @computer_science, 1),
       ('Ty', 'Tanic', @computer_science, 1),
       ('Manuel', 'Labor', @computer_science, 1),
       ('Lynn', 'Guini', @computer_science, 1),
       ('Claire', 'Arin', @computer_science, 1),
       ('Peg', 'Leg', @computer_science, 1),
       ('Marty', 'Graw', @computer_science, 1),
       ('Olive', 'Yu', @computer_science, 1);

SET @marge := (SELECT id FROM Supervisor WHERE first_name = 'Marge');

INSERT INTO StudentSupervisor(student_id, supervisor_id)
VALUES (@olivia, @marge),
       (@odafin, @marge),
       (@elliot, @marge),
       (@maximina, @marge),
       (@laurel, @marge),
       (@Vinny, @marge),
       (@Joyce, @marge),
       (@Cliff, @marge),
       (@Earl, @marge),
       (@Cooke, @marge),
       (@Jen, @marge),
       (@Reanne, @marge),
       (@Paul, @marge),
       (@Chris, @marge),
       (@Gio, @marge),
       (@Caire, @marge),
       (@Marsha, @marge),
       (@Manny, @marge),
       (@Val, @marge),
       (@Lucy, @marge);
